,AL,AR,AZ,CA,CO,CT,DE,FL,GA,HI,IA,ID,IL,IN,KS,KY,LA,MA,MD,ME,MI,MN,MO,MS,MT,NC,ND,NE,NH,NJ,NM,NV,NY,OH,OK,OR,PA,RI,SC,SD,TN,TX,UT,VA,VT,WA,WI,WV,WY
2018-01-31,0.9730258755463489,0.974499738558303,0.9753096337203799,0.9952317035182582,0.9913875388095317,0.9712172049204161,0.9857714539795464,0.9657794258771991,0.9782322033815483,0.9673384842661771,0.9803632400762199,,0.960211920761243,0.9735592219342498,,0.9763509998102358,0.9739467570506994,0.9730244320517366,0.9819114129107364,0.9791013584117032,0.9732199256503469,0.9797384527636879,0.9765418606348817,0.9739826551034024,0.9795479009687836,0.9740930653722601,,1.0,0.9906648885502,0.9680900860844541,0.9746606334841629,0.9871557365163596,0.9648139821479419,0.9665308593221845,0.9727045810483441,0.9895580024677635,0.981530447316614,0.9803921568627452,0.9724121906834776,0.983807161210364,0.9721718996850758,0.9733426349931973,0.9901702410652148,0.9826543638919242,,0.9914113182573935,0.9794248972544367,0.9696905904697748,0.9960629154127606
2018-02-28,0.9763657847007952,0.9727101606243875,0.9811973804264408,0.9974034559419713,0.9931094381574352,0.970067974660847,0.9732062763782886,0.9687982692216904,0.9755416319736998,0.9682618535077552,0.9797269011190849,,0.9618305151284071,0.975966688038783,,0.9778427030294802,0.9759353660464472,0.9727285633382315,0.9908828726521861,0.9944382647385984,0.9773665144997014,0.9875815000141245,0.9754744281611646,0.9776114504449728,0.9777681962638556,0.9755744991882044,,1.0,0.99278265986283,0.9658178099105617,0.9788858046330948,0.9917934604344055,0.969775658626213,0.9698279768439872,0.9806708777693379,0.989595829575364,0.9741020677916822,0.9818451278251203,0.9735119925730794,0.979381443298969,0.9731645911547748,0.9785430490271219,0.9909594569757889,0.9871413903746671,,0.9928822723022189,0.9839083215400913,0.9699769053117784,1.0
2018-03-31,0.9807536993151202,0.9798974420829313,0.9837246142783512,1.000017224617332,0.9969257629604721,0.9732339862286128,0.975674206570375,0.9711760346714026,0.9790919991942909,0.9693458943390553,0.9799331986583897,,0.9661516298553114,0.9796139779105558,,0.974850149332516,0.9756654617154124,0.9797931301304199,0.9895603614347964,0.990765679107349,0.9813461122025271,0.9952087041024772,0.9803591999975672,0.9778488423510268,0.993152759345021,0.9801018425801757,,1.0,1.0,0.9721417718403442,0.9791982826203964,0.9979505783244101,0.9680859372349975,0.97422958220035,0.9920473995374153,0.988953319129551,0.9813194271803478,0.9853687667960586,0.9756374934450709,0.981029810298103,0.9780657479774834,0.9839980130151168,0.9926470588235294,0.9889360915399458,,0.9989723567302642,0.992665684481699,0.9677640695130872,1.0
2018-04-30,0.9862839102311213,0.9808976557287674,0.9823809426307022,1.000997576730447,0.9976019683601063,0.9762078269291526,0.9743151590858992,0.9714883804652046,0.9783872683123992,0.9770600846973045,0.9852037915623069,,0.9713507671865254,0.9815554037738746,,0.976486950352823,0.98217500537332,0.9847231264764439,0.9958081478482573,0.9864866774863376,0.9862158400355244,0.9933935692814856,0.9814716929355731,0.975609756097561,0.9929603556872916,0.9823051032609552,,0.9974554707379136,1.0,0.9733847753841626,0.983216970998926,0.999137721583542,0.9769075727813415,0.9740475714253508,0.984143124761462,0.9910818108795674,0.984818305944258,0.9910608551039464,0.9774300132251519,0.9849624060150376,0.9826517459208421,0.9865190339620911,0.9927657004830918,0.9900907201531985,,0.9996307655750103,0.9975094019217406,0.964423433444568,1.0
2018-05-31,0.9836956549520739,0.9794130037642428,0.9850222400164136,0.999937254290932,0.9978879411868423,0.9785478055169138,0.9876683617654617,0.97352256984325,0.9816143545260936,0.9763624310826833,0.9905347029555298,,0.9747756380157543,0.9878348294035766,,0.9782152500903981,0.9796087414593849,0.9865485334011854,0.9950541499382562,1.0,0.9916839192748538,0.9953448360497124,0.9816203798037882,0.9799598393574296,0.9968243886948236,0.983746725399988,,1.0,1.0000970873786408,0.9747379648712226,0.9843673801898982,1.0,0.9768608408579952,0.9776911005264206,0.9825442790356563,0.9928864548491242,0.9853010487262945,0.9966030265308876,0.9792468437613963,0.9877469367341836,0.9819538385285043,0.9854052511668918,0.9920508744038156,0.9925214494530405,,1.0011216011946988,1.0000797866801987,0.9642857142857144,0.9972124226665932
2018-06-30,0.9798890435225065,0.9828741070750572,0.9838000881332921,1.0005397766505506,0.9971328914561688,0.9788868979968578,0.9873007996034981,0.9741922586154594,0.9828013026344984,0.9708774052623278,0.9896643935037849,,0.9756154234674658,0.9889169163523838,,0.9783246673892104,0.978279821943038,0.9882657700593942,0.9986493847163677,0.9907883325930156,0.9939165547134198,0.9974063866736254,0.9865063912196984,0.9763940501025664,0.9916782538390528,0.9831226563632424,,1.0,1.000111934517439,0.9725676235277358,0.985813492063492,1.0,0.9827178090500794,0.9811619297570257,0.9823297173172475,0.9925448036752325,0.9881762995542608,1.0,0.9796291142675279,0.9829795601348894,0.983492929120292,0.9863438295371532,0.9949909613363674,0.9924920488555246,,1.0005360137449302,1.0000916921367047,0.9656873854987064,1.0
2018-07-31,0.9803084848863731,0.9806276006482074,0.9814910051692045,0.9978586747443356,0.9972051783284963,0.9809306434012097,0.9871778431024392,0.9720641381654743,0.9803680353991628,0.9705849437942334,0.9887575125571643,,0.9756503563209926,0.9854430425581759,,0.9753888044591755,0.9770645711831564,0.988980520001743,0.9989092129225706,0.9924528301886792,0.9920515124356918,0.9989278055754109,0.9805917591672946,0.9767917411157436,0.993939393939394,0.9827777087509016,,0.993697270471464,1.0000930023987324,0.9762969964422221,0.9859157255135065,0.9986679946719788,0.9833435565860776,0.9770818846594497,0.9807508155060187,0.9930342780945821,0.9844148443543593,1.0,0.9810243568419408,0.9855715065517788,0.9832301420255984,0.9843218369515054,0.9944444444444445,0.9918963405229344,,0.9985147856303622,1.0,0.9776061034905972,0.998853539696188
2018-08-31,0.9784371857513101,0.9785697995751619,0.9809244287998121,0.9957346824685687,0.9937762264101836,0.9781457763475465,0.9878892733564014,0.9715907582890938,0.9814030723460995,0.9754696348575171,0.983958960588199,,0.9699002642107669,0.9809391665975299,,0.9711977092440987,0.9756810886688321,0.9874829940711894,0.9895800184502531,0.9888847721378288,0.9895570832827355,0.9930182329775613,0.981583410448527,0.9792387543252596,0.9888579387186628,0.9812258908289951,,0.9966892808683854,1.0,0.9766664223864705,0.9823852030382028,0.9968253128070618,0.9812181608912516,0.9765210681922782,0.9819499313144546,0.9914984761157261,0.9839172408061021,0.9907700107411984,0.9820011639568489,0.9871139625924314,0.9802652388987582,0.9823433427454522,0.9927110993096123,0.9896758130250012,,0.9988881124332113,1.0001151191558713,0.9696969696969696,1.0
2018-09-30,0.9795145001665653,0.9770428578047938,0.9818940556040185,0.992991081249572,0.9931622446737487,0.9759772534185684,0.9811017664598133,0.9723972654704074,0.9811825403011493,0.9723249825952628,0.9782834174993887,,0.9723572769337748,0.9748698512040312,,0.971663660040162,0.9788283637983036,0.983160239187011,0.9930271303341721,0.9877469367341836,0.9846187340259867,0.9929206175950394,0.9829910953061247,0.9730125579029104,0.9824561403508772,0.9826896476257551,,0.9934107967667436,1.0,0.9765680711328081,0.9803372478169226,0.9909700343996105,0.9789052360558178,0.9717245945722914,0.9831639101873425,0.9846314637551514,0.9823396164299569,0.988816392895856,0.9757315494854507,0.982811811370648,0.9793733882046625,0.9795694020488642,0.9931608814380597,0.9864142456024833,,0.9964487426007574,0.9941397193267809,0.975609756097561,0.9988211013653504
2018-10-31,0.9816668996254077,0.9724642487177743,0.9806234406695792,0.989870188012509,0.9902372567468851,0.9752995079127913,0.9846298772777309,0.9718529267120062,0.980209426204632,0.9721663369445123,0.9807999404824999,,0.9658584906078982,0.9778023231528042,,0.9709828724132019,0.9765505375451344,0.9818069698599159,0.9910875059729549,0.9896334500556137,0.9785753513231786,0.9942220726712016,0.9783207636820246,0.9769874476987448,0.9803921568627452,0.980449910424771,,0.9935275080906149,0.9853687667960586,0.9721724716059349,0.9813858052547026,0.990366397458108,0.9740678262316395,0.9749066900875714,0.9787001570168359,0.9862824393938852,0.9791986429643131,0.984840220138122,0.9788287830363421,0.9846777827850384,0.9763565554522057,0.9795692760118431,0.9880465027634839,0.9877667191150447,,0.9945923572306339,0.9909864471374742,0.960789290284623,0.9960852544584602
2018-11-30,0.9841603619579441,0.9712960396761421,0.9785322049091469,0.9895963862226475,0.9891706215890748,0.9729727136496298,0.9839516608925118,0.9711803400091141,0.9781873603002315,0.9688991528030885,0.9797865406211267,,0.9686481746516252,0.9732618037269558,,0.9693210213292974,0.9775841291313057,0.9782211752698797,0.99032076192305,0.9787234042553192,0.9780576890667227,0.9897232608073342,0.9739740418068894,0.97459479955789,0.9883991481557812,0.9786872486631859,,0.9862703551108496,0.9984994998332776,0.9701114695651442,0.9787104352373079,0.9875643006508332,0.9714900287980776,0.9736286192143007,0.978262134672513,0.9884860646152809,0.9797600096400565,0.98554506034926,0.9759483738148971,0.9812782440284056,0.9770970519163641,0.9780497594059949,0.986462060417171,0.9872800981340832,,0.9949264921185403,0.9890122905695566,0.9633197480548352,0.993211861379064
2018-12-31,0.9749788807274559,0.9744299330062812,0.979929965618689,0.9883132251141684,0.9877648199289483,0.9718225762412738,0.9853128991060026,0.9710325938144333,0.9817452235717342,0.9741411458044195,0.9776228433584354,,0.964610511257989,0.9724418877818803,,0.9682436951143749,0.9748489722878162,0.9758829842411775,0.9892664370295549,0.973703879302535,0.9751694635380346,0.9829783987390489,0.9750713059039356,0.9778112072207596,0.9790583856804572,0.9794681725314948,,0.9925547804454072,1.0,0.9663164331989978,0.9793877122046037,0.9898827562116362,0.9691600463434676,0.9662527055158265,0.9803884681343247,0.9828626108511931,0.9764419489206564,0.9824937477670596,0.9727218158098248,0.9825840501472634,0.9766208381023161,0.976273295121986,0.9857888464554959,0.9815255402072449,,0.9929831064939286,0.9848819851959579,0.9663555826063436,0.996
2019-01-31,0.9798450301091146,0.9797375973685991,0.9766225727006071,0.988744039414998,0.9866047693315162,0.9739190242524207,0.9830783631348394,0.9660924589097458,0.9756772665327001,0.96997820985227,0.9782332047016175,,0.9645797387205481,0.9620074204718013,,0.9677315016143483,0.9757424475166412,0.975691852264233,0.9896188476621829,0.9678077692318947,0.97328122867896,0.9817536270085053,0.9759568476160723,0.969221298861188,0.9816648179363552,0.9755257512263453,,0.9760869565217392,0.9933110367892976,0.9676191374202002,0.9796197140410201,0.9877339100085497,0.9662890941408224,0.9619329331940091,0.9706405845867906,0.9828945546150415,0.9725212845315282,0.979738394460118,0.9730326182960134,0.9809160305343512,0.9751529096218757,0.9760850837931384,0.9865660050056162,0.9790843142243467,,0.9916025302602731,0.9872174247357131,0.9586206896551724,0.9941159164460136
2019-02-28,0.9753469130387605,0.9787296894305717,0.9766912795255424,0.9878372262982037,0.9903020519435055,0.9715736788974303,0.9834944981660554,0.9675331263643199,0.9797043185381933,0.971155703943903,0.9747606760681569,,0.9621001244517959,0.9749438107726756,,0.9699510272738036,0.9801398902959645,0.9753311890564609,0.9918490914041883,0.9725482671431673,0.9763886253046161,0.9846565435133009,0.9756350685921086,0.973490191215752,0.9782608695652174,0.9776396097162889,,0.9838799332962757,0.9926596152510524,0.9647513897838388,0.976716214706211,0.9885341404694138,0.9683185679300454,0.9673226143028222,0.9710354489378747,0.9869732609493973,0.9771432768899856,0.9817351598173516,0.970529578456329,0.9793266212614746,0.9784412012690353,0.9774794015220929,0.9855469754147066,0.9827528676091465,,0.9925811160000698,0.9843006485365441,0.9612275970730376,0.9917756243495202
2019-03-31,0.9802838872878451,0.9784365314644656,0.9782441171582595,0.9908190103006247,0.9927776382228899,0.9740837137375837,0.983495145631068,0.9721962255414229,0.9785152809190947,0.9696387168793278,0.9766391376495754,,0.9671291017069668,0.9742845660605968,,0.9711765108461905,0.9856508077793248,0.9789166750687011,0.99262144970641,0.987898565823981,0.979482125574462,0.9892539885897637,0.9768867474962591,0.9745762711864406,0.98627983458296,0.979899488097995,,0.9916492329149234,1.0,0.9733542905316881,0.9787495390852508,0.9897706841731885,0.9691595927053896,0.9725924984351465,0.9774457453566422,0.989127390593523,0.9802140409315289,0.9819803272666444,0.9760937963982016,0.9885659838018104,0.9801761733151384,0.9848571083788036,0.9899210048162118,0.9872703258521978,0.9954152116351356,0.9961050436782154,0.9863163820782419,0.964685108887581,1.0
2019-04-30,0.9878636141537044,0.9808012919720404,0.9820344812092968,0.9940540583743348,0.9953637831394291,0.9775834006238251,0.9883720930232558,0.9737342574354224,0.9825124970695515,0.9737698431151117,0.9823827155804032,,0.9725942066043495,0.9846960261565021,,0.9743620544834588,0.9828588311077588,0.9845456005998308,0.9969696969696971,0.9852662577723139,0.986080219671152,0.9961073310303575,0.9834558685751246,0.978654271299813,0.9882352941176472,0.9824159888819135,,0.9870609398647648,1.000091692136705,0.9777045753064996,0.9888242656261503,0.992639169050778,0.9723098405144568,0.9775259010768591,0.974470311260543,0.9875232766748844,0.9854469586723631,0.9888749968427168,0.9776677382019491,0.9837432453366624,0.9829082675048396,0.9822805315065913,0.9929264759506445,0.9872108881105011,0.9854014598540146,0.9969293098934962,0.9935331333489834,0.9540835707502374,1.0
2019-05-31,0.9836208865585081,0.9805354882157536,0.9845638446188869,0.9957654633869428,0.9974389290949423,0.9791788264768929,0.986842105263158,0.9751531062115346,0.9845702538242518,0.9742410077743321,0.9853394018353803,,0.9750275840352232,0.985934373803888,,0.9734236764423707,0.983837232264914,0.9860033495935971,0.9971789985199156,0.9927772017797253,0.9893359809140657,0.9963960058964348,0.9812179616219375,0.9811715481171548,0.9900390689517448,0.9853375781847251,,1.0,1.0005002501250626,0.9779665051040156,0.990783786338054,0.9905158573609593,0.9779297020848741,0.9778800442522779,0.9820368953053662,0.9936971188371324,0.985515061416298,0.9936406995230525,0.9786842669291611,0.9863842662632376,0.9845700869440606,0.9850046317389652,0.994206224802882,0.991121351802371,1.0,0.9988770606029009,0.9987860825466597,0.9642857142857144,1.0
2019-06-30,0.9856591261280171,0.9820004609856712,0.982929726275956,0.9954805287700657,0.9954227008009302,0.9836676407819416,0.9874551971326164,0.9755750244128284,0.9845831909515397,0.973502891395268,0.9858609637195693,,0.9775799811103092,0.9877516730731501,,0.9707296058957726,0.9827220823667313,0.988582579045891,0.9964094672821865,0.9925602873268342,0.9931688580254178,0.9977839620696763,0.9828622043695849,0.9830742336632736,0.9929824561403509,0.9861548243806051,,1.0,1.000322684737012,0.9773440346915052,0.9895017875571281,0.995446289065432,0.9822656536844421,0.9828656257263565,0.9777221916709794,0.9926307373981795,0.9922885061479244,1.0,0.9807326257072114,0.9911738746690204,0.9840705292867921,0.9837791684479714,0.9923178738102143,0.9934148957100554,1.0,0.9982134980047932,1.000080671184253,0.9719872178949472,1.0
2019-07-31,0.9806461321831881,0.9817729498268413,0.9831145632498061,0.9945398725995771,0.9942637953016015,0.9826747410762489,0.9809982190990826,0.9755600056230663,0.9852882326026261,0.9725977014348022,0.9849834728943501,,0.9727542333818615,0.9842653476911256,,0.9748973484477949,0.9852968836626073,0.9882427542542853,0.9986291665257311,0.9948979591836734,0.9922643313145836,0.9968579623090764,0.9805045609964693,0.9818351030077416,0.992844364937388,0.9847267903033672,,1.0,1.0001375573155482,0.977260290468671,0.9875035246938393,0.990676750878697,0.9824519022195618,0.9774609548636221,0.9841926377733988,0.9932862614287449,0.9882067911086103,0.9963985594237696,0.9788541085616835,0.9925460965084348,0.9824309932330749,0.9841930554370085,0.9927585329785845,0.9899834107076493,1.0,0.9990231713845055,0.999722499383332,0.9655172413793104,1.0
2019-08-31,0.9840955397378308,0.9819216616093549,0.9827794824008351,0.9928740682186928,0.9914169743021818,0.9780972653845446,0.9802067545168909,0.9735209686372562,0.9832942996568176,0.978467407508119,0.9838792307828497,,0.9709565377839031,0.980026259536435,,0.9738900870754065,0.9823107976743329,0.9884098221170892,0.9947359632322136,0.9879575078604352,0.9871057260496121,0.9967584709271318,0.9802446856167298,0.9795748228428512,0.988219329226709,0.984178272669644,,1.0,1.00008356545961,0.9772787026063453,0.9866136356945945,0.9910175651009299,0.9799711460035566,0.9775232020916134,0.9795174381963253,0.9909768565036223,0.9874721535306794,0.9947182747891492,0.9784350765365282,0.988816951147734,0.9837259192103449,0.9815931402809466,0.9895114222159451,0.9866607342582334,1.0,0.9981708493138236,0.9994041944709247,0.9696969696969696,1.0
2019-09-30,0.9825596159178535,0.9770120839710161,0.9829300995834882,0.992417203684879,0.9915453612830386,0.977877985259948,0.9857494376269293,0.9741186860432932,0.9837952185383695,0.975472743198211,0.9833124027717522,,0.9709542853860843,0.9785643507768503,,0.9736766627027369,0.9838691949875151,0.9843710656971234,0.9946003249580464,0.9890131337966632,0.9863152783853237,0.9937364538233332,0.9814561643963456,0.9814197236779418,0.9894151949999026,0.9825248605156542,,1.0,1.000082935410907,0.9783767279953509,0.986511607301081,0.9908794844689565,0.9787462065837936,0.9776094134530657,0.9810194422621911,0.9892273628741819,0.9859531745277864,0.989560678555894,0.978522004577728,0.9899974352398052,0.983790936198996,0.9824240290952799,0.990982486243745,0.986345610974769,1.0,0.9971560359167199,0.9987135301571541,0.9719101123595506,1.0
2019-10-31,0.9818412490356581,0.9787649815174542,0.9824137239789918,0.992824816931412,0.990112302945588,0.9748726714251127,0.983204358109111,0.973204418426681,0.9786889755578706,0.975366556276135,0.981531371993046,,0.9713348507599452,0.9731436604953083,,0.9751607025458239,0.9795658409137892,0.9836490572766147,0.993837707629546,0.9883176317669753,0.9827372003602562,0.991675847607003,0.9757320841641188,0.9741969457609267,0.9838369641602248,0.981735062845972,,0.9949743589743588,1.0,0.9784788143765837,0.9823614754749981,0.9894930347096059,0.9763993278842893,0.9739844779702769,0.9788067073303836,0.9895970570439588,0.9852634176440992,0.9873812849162013,0.9744450931044174,0.9880446175468688,0.9812214189163119,0.9781202688915587,0.9877291451812038,0.9883713688952234,1.0,0.9962218064656203,0.9906644632373407,0.9626825310978908,1.0
2019-11-30,0.9819477001229537,0.9766378713905138,0.9835187675315422,0.9915196335938697,0.9883441427173268,0.9752667532256141,0.9873417721518987,0.9741057519369191,0.979377771949064,0.9772509064536901,0.9808198292761531,,0.9678397539353469,0.9793326300988132,,0.9694082520931898,0.9839269641873488,0.9810578216786687,0.9917985518552171,0.9886935595185982,0.9795697335860185,0.9874610893791043,0.9774300039880115,0.9784172661870504,0.9821428571428572,0.9812159993474944,,0.9885714285714284,1.0001161520926884,0.9732457220891203,0.9833996923307581,0.9851909577105841,0.9716556974425359,0.9683330118231579,0.9802288722633729,0.9906594291336865,0.9806371137592612,0.9866220735785952,0.9767241470998427,0.9952599434045382,0.9816255539542069,0.981165585119377,0.990929081903138,0.9859534720636952,1.0,0.9971116756128734,0.9889956592773806,0.9499687304565352,1.0
2019-12-31,0.9828907213420348,0.9772391359302379,0.9821111799696202,0.9903483170574674,0.9901978916234165,0.9739721965405386,0.9849581425750208,0.9722608879432946,0.9807137067498021,0.9767404241505052,0.9777197365463189,,0.9633290590469796,0.9742679464942409,,0.9703496804978491,0.979103171502267,0.9815575741732925,0.9951901788956353,0.9886929812421428,0.9790244987607485,0.9851543514096397,0.9787435375331195,0.9782608695652174,0.980722891566265,0.9774487745461985,,0.979450804089428,1.0,0.9757574701049063,0.9805341055341055,0.9857456061455784,0.9726833469259297,0.9700364099863868,0.9739479021312177,0.9874119631183976,0.9848647514540317,0.9853289041788784,0.9742740100333636,0.9873248832555036,0.9798557014273162,0.9813663144961521,0.988378321764676,0.9899145532233362,1.0,0.9933552600979111,0.9884188305971849,0.9726027397260274,0.990960290576664
2020-01-31,0.9731993340716787,0.9723707529646168,0.9776304467399506,0.9883007975237712,0.9872132766533565,0.9724717222889275,0.9778941670756892,0.9698108195066218,0.9826395983858359,0.9693309965515092,0.975054795615138,,0.9636161850502449,0.9674333852966855,,0.9712806646073953,0.9783244942220091,0.9769792275664774,0.9940950580248819,0.98890623455986,0.9723703246008497,0.984080193181406,0.974656568493827,0.975609756097561,0.9791730753570108,0.976805555638644,,0.9785112644611323,1.0,0.9709054884895851,0.9801989150090415,0.9909321685152848,0.9677048564148066,0.964472500615664,0.9762756552677173,0.9870953452459307,0.980643638572218,0.9873423579426346,0.970068833702836,0.979782270606532,0.9774616972810737,0.9763314715539837,0.9895648026808386,0.9777398868817099,0.9886020004652244,0.9934223910644159,0.9863514939217188,0.9583333333333334,0.9945912975853736
2020-02-29,0.9826722574576747,0.9824078560621918,0.9823715711075784,0.9934234670305198,0.9915538472750237,0.9747638516036969,0.9874499818115678,0.9725337752124293,0.980483623204353,0.9786958141897606,0.9762932580878484,,0.960854935340331,0.9773737665392054,,0.9753067919126044,0.9827522731686653,0.9773900916886664,0.9830847346325828,0.9970657468836484,0.9779347517469281,0.9851246424824659,0.9784391429564889,0.9762218871717552,0.9787234042553192,0.98143614451056,,0.979071038251366,1.0002594747481797,0.9743699108705782,0.9843045710947786,0.9895732484717317,0.9691763175182053,0.9689864648441014,0.9757327782375488,0.9877779451788034,0.9825515720733533,0.9852109612875164,0.9758240666151796,0.9870864919639308,0.9797680923195621,0.9770995907904444,0.9918833649380273,0.9856806935663436,0.9874961168064617,0.9944013151221349,0.9839430716132621,0.966690793642904,1.0
2020-03-31,0.9805711291738909,0.9827595887458453,0.9866164370723159,0.9962847210738653,0.9939146662003763,0.9801282465899497,0.9879238838741156,0.975655678740745,0.9868300231394375,0.9762156562302954,0.9775562455592973,,0.9680397378469385,0.9809320044315444,,0.9743868895834151,0.9830286224084765,0.9866936042352844,0.9909348155674003,1.0,0.9850784906316458,0.9881227111960842,0.9808313852567797,0.9798245614035088,0.9926588303975392,0.9848007301337444,,0.987979797979798,1.000118188237459,0.9814508950777154,0.9930980133852433,0.9958353392391527,0.9729965945874279,0.9799009678124742,0.9783453790695869,0.9902344563628224,0.9893048838130526,0.9948554264239968,0.9783429321854916,0.9855769230769232,0.9842456748612949,0.9849714050187698,0.9952997484199546,0.9889274403256624,0.9885057471264368,1.0010362755780993,0.9993239588967009,0.969478272016408,1.0
2020-04-30,0.9878291777533372,0.9817053068346285,0.9866114357333432,0.9969357672235737,0.9954605408692969,0.9819766805796736,0.9889336332728953,0.9770863819698219,0.9865436697255053,0.9731649682336713,0.9804539962671008,,0.971376943681905,0.9733647393627936,,0.9765211148609831,0.985712104020825,0.990443242083526,0.9943933918937348,0.9907512268780672,0.9888157479871299,0.9956320969584979,0.9823457171822636,0.9771736342651962,0.9853301520706584,0.9877561917931396,,0.9934497816593888,1.0043068264138102,0.9872707073696154,0.9896103896103896,0.9937952260459652,0.975493411270511,0.9790052168726152,0.9803324833787793,0.9952271791554717,0.9907612291330696,1.0,0.980142488168053,0.9875569755349384,0.9880345499894416,0.9867189210021079,0.9912688808095534,0.9926161724545257,0.9994045846978268,0.9998608803566338,0.9983108108108107,0.9784340305950804,1.0
2020-05-31,0.9855561532444354,0.9896499322929182,0.9826432564611642,0.9923416943855891,0.9910884797790701,0.9801500060454055,0.9869565217391304,0.9747957044024779,0.9853899993079683,0.9621410954459906,0.9821833645360317,,0.9705254591087663,0.9889198349886429,,0.9773731367431697,0.9861086938110116,0.9858620394956571,0.9927588186135925,0.9928964917367353,0.9857074035738231,0.9942429349730365,0.983327899072267,0.9817351598173516,0.9919227152879602,0.9833071185267748,,0.9979126085493593,1.0098940072190774,0.9757591113184523,0.9907011295500687,0.9873529419214947,0.9805025191302021,0.9786978485270182,0.9771552371271519,0.9913375294243785,0.9845056468577779,1.0,0.9795403678579641,1.0,0.983685513431549,0.9856305457860481,0.9877147129035938,0.9917438772495281,1.0,0.9982164705246291,1.001185718480739,0.9545454545454546,1.0
2020-06-30,0.9868151294943814,0.9875186947157784,0.9897148450233865,0.9945075980894493,0.9918436647390779,0.9822004920773582,0.9875,0.9756052024812603,0.9895020472445855,0.9682314399961459,0.9824656745996018,,0.9726272007790159,0.9902415107103183,,0.9848759182049802,0.985574967834163,0.9904264536929868,0.989406157881751,0.9932273064222655,0.9943043609935703,0.9964619836979355,0.9856527440157029,0.9818316548216512,0.9851260985650356,0.9875273881188501,,1.0,1.0010828291420104,0.9811327380201584,0.9936185791326493,0.9936769904269654,0.9759388471977777,0.9899952074762582,0.986240792850272,0.9919055797934705,0.9876031602108997,1.0,0.9789858925123577,0.9991485738612176,0.9893846398109083,0.9876110542012275,0.9914435523513025,0.9937713826625637,1.0,0.9998942479755506,1.0,0.9646809531424916,1.0
2020-07-31,0.9861797145105164,0.9869140880204168,0.9904499853518435,0.9971189254625641,0.9923889940862161,0.9929077659929673,0.9899879465429794,0.9766544061216625,0.9898981184043272,0.9732499643368762,0.9846001675747674,,0.976653482026807,0.9919295067783472,,0.9854650213848737,0.986242307374674,0.9922748730079946,0.99126013369938,1.004,0.9958435815705929,0.9949231285009724,0.9879616040386511,0.9844227986099676,0.9959988568162332,0.9894790996554884,,1.0,1.0076515597410243,0.9850011820954956,0.991991991991992,0.9968206899899904,0.9838885807675498,0.9911062837188144,0.9879576359511267,0.9942064325310789,0.99331296333339,1.0,0.9837693760210616,0.993006993006993,0.9910631460091929,0.988213479130257,0.9929654365272633,0.9930168702894779,1.0,1.0007448407340092,1.0004734455301776,0.9843573093573095,1.0
2020-08-31,0.9913478861462529,0.9905278320545641,0.9936503855357438,0.9971542359638988,0.9944123658280968,0.9932431244881219,0.9914933837429112,0.9779484248414247,0.9909787609833541,0.9671905194428022,0.9826308510850215,,0.9774029297276995,0.9938262160228921,,0.988666281396284,0.9903172288275623,0.9939256539076338,0.9936519144749847,1.0130508626083847,0.9937493966709129,0.9962680929098306,0.9906855642793306,0.9859328079470854,1.0,0.9906215308476739,,1.0,1.0172941651584293,0.9887527991698071,0.9917212869835056,0.9962266825297266,0.9891702474875442,0.9911889570959093,0.9838646022857044,0.9960567251282721,0.9933960251981141,1.0005472355430225,0.9846090968200552,0.9921144653894228,0.9904793798134969,0.9862083957927558,0.995684454519812,0.9964448235662849,1.0158311345646438,1.0015839718938908,1.001111519946249,0.9708481632650183,1.0
2020-09-30,0.9899495105655742,0.9888111199844611,0.9953552368981663,0.9995689953938796,0.9941686411055044,0.9965870460118301,0.9940473704897659,0.9791542993965857,0.9912309573009628,0.9730341736123161,0.9846579099373926,,0.9793826909792733,0.9960095878442478,,0.986937494988996,0.9890731754781822,0.995962944010443,0.992442227293955,1.0,0.9951916872495464,0.9978019959904366,0.9892210320945422,0.9834919767365776,1.0,0.9924508378162951,,1.0007363770250368,1.000876951197149,0.9935519021472875,0.995911214953271,0.9977010419155213,0.9902523272363801,0.9921364133308734,0.9869993518682625,0.9972397895862639,0.9923847080364906,1.007223113964687,0.9873707629031128,1.0,0.9938268035899919,0.9894959613693082,0.9980032095745403,0.9971802379694278,1.0,1.002291423286139,1.0005267106734794,0.975583934361146,1.0
2020-10-31,0.9905335245434453,0.987574630432943,0.9978548979539794,1.0002029661328375,0.9935675897062897,0.9979065287452867,1.0,0.9799868336997459,0.993139467482731,0.9733082319297988,0.9822523786928189,,0.9794408867595171,0.9970387334571184,,0.9894127273367864,0.9882652737739582,0.9977900170764838,0.9910723779144831,0.9985418428432508,0.9982116982438263,0.997425787361642,0.9884398047665157,0.9854693249683296,1.0,0.9932960551357044,,1.0001755001755002,1.0022398575026428,0.9961370857918889,0.9947300494730049,0.994675808064381,0.991489255337426,0.9913898848016197,0.985192580051351,0.9988532014406548,0.9936392370273354,1.0109640085170684,0.9865560406755906,1.0,0.9941751063177781,0.9881305251641882,0.9995044911192403,0.9973643389979894,1.0,1.0026302100060223,1.000287523523193,0.9639908097890214,1.0
2020-11-30,0.9895392487485102,0.9856899960652261,0.9977443260925357,1.0015870262461646,0.9947282162990644,0.9985398347988277,1.0,0.9806064233086377,0.9909716182582398,0.9792337767765199,0.9858786151288899,,0.9768303578500285,0.9903018439340833,,0.9850440549677912,0.9877953956748841,1.0037391516332814,0.9871234647705236,0.9988190970292138,0.9974796425922333,0.9972505184112913,0.9869257203753936,0.9907692307692308,1.0,0.9930195716117125,,1.0,1.0022147078279617,0.9935869605566879,0.9945873526259378,0.9974872761257152,0.9917318306574106,0.9896187810971104,0.9878321482181144,0.9998722178686333,0.9938889234033221,1.018552200800291,0.9885810397680815,1.0,0.9944180715026001,0.9867358416761621,1.0005909732672749,0.9957626245959372,1.0,1.0029594082192435,1.0002341581533756,0.9820932185120891,1.0
2020-12-31,0.990669928668749,0.993519392587477,0.9978482637721812,0.9999138060576174,0.991720757121962,0.9957732702381193,1.0,0.9809905070932573,0.9935417585089418,0.9816801437693602,0.9837363377779695,,0.9739732117889004,0.9873054250973922,,0.9858590914865729,0.9913191251536894,0.9980086351739963,0.9882276699187458,0.9945454545454545,0.9949339903311657,0.9972995861615793,0.9881307926064724,0.9881020241794748,0.993103448275862,0.9935312113097708,,1.0,1.0004715220458034,0.9889834859245316,1.0,0.9969854021612298,0.9901884917431464,0.9911565033312416,0.9859247063001599,0.9994538531788794,0.9898436370025768,1.0071663945085998,0.9866215560756061,1.0,0.9919431738404464,0.9873983037837888,0.9994728360151891,0.9938377941795019,1.0,1.0027930558878262,1.0001323999591336,0.9727278873620337,1.0
2021-01-31,0.9890151045120239,0.9900056829907817,0.9974713478388387,0.9998559608972172,0.9929889853291226,0.9949421160494989,1.0,0.9777522889592811,0.9912480066557481,0.9785466852508898,0.9813358242639377,,0.9699877426635856,0.9858519837928431,,0.9801100554359478,0.9881883640067656,0.9996193077582829,0.9937972276301054,0.9992677157914559,0.992790926346491,0.9948946863453072,0.9886996469201474,0.984873949579832,1.0,0.9933655758539653,,1.0,1.0067469251615593,0.9936077076871727,0.9929577464788732,0.9970269234737545,0.9854277368311709,0.9856855111158719,0.9835757339545312,1.0005826875686985,0.9903706554315003,1.0026259821788814,0.986527680355355,1.0,0.9914554492611657,0.9859453026741822,0.9987673989714864,0.9951589665127344,1.0,1.003793215955104,0.9954898378625257,0.9592067898280208,0.9960044138892316
2021-02-28,0.9867325726965335,0.989500218542068,0.9990610328638498,1.0039632937799239,0.9966370382997457,0.9908151616824739,1.0,0.9810847876034825,0.9904993806884245,0.982362018271266,0.9825810184147186,,0.9726344250334698,0.990319047965054,,0.9840763406513775,0.9900058533722017,0.9941674701043975,0.9936497008169187,0.987982047369582,0.9949564355388192,0.9923004529264938,0.9931640252118674,0.9851205746536684,1.0,0.9943684895655364,,1.000168361622443,1.0069945462154148,0.9937127586338075,0.9950540958268934,0.998241033100446,0.9805031981934282,0.9863740062501829,0.981076199342401,1.0022304719148738,0.9884164529316436,1.0003638890245696,0.9874604730375456,1.0,0.993553490434263,0.9887149274532273,1.0041575661672444,0.9981049577538923,1.0,1.0097531489162443,1.0017785682525566,0.9662814683842721,1.0
2021-03-31,0.9914502400910923,0.9938134903531224,1.0004305115259677,1.0093539544073862,1.0054738385963213,0.997936456710959,1.0,0.9880244018973494,0.9973924193862568,0.988262824454579,0.9892699059022819,1.0105787309396763,0.9774963232801176,0.9966866199395906,,0.9859795701567913,0.989903386984096,1.005986262463654,0.99596757852077,0.9979137328534918,0.9981186447152217,1.0017613394640514,0.9930684696590468,0.9923899919053584,1.0003921568627452,0.9999680624461771,0.984728804634018,1.0061036337248799,1.0130017763981598,0.9963436846484689,0.9943999104343932,1.00367330990861,0.9871130231061002,0.991444464603461,0.9853621494208846,1.0087064174911382,0.9948924054111847,1.0060163639957866,0.992065802751458,1.0,0.9970363760098622,0.995012266182366,1.0149187477602355,1.0009701189592863,1.0025062656641603,1.0182688404849731,1.0130179480120396,0.9826286148088115,1.0
2021-04-30,0.9981312753339371,1.0006613756613758,1.0020207423417522,1.0167970660203947,1.0145209413302203,1.003210345358444,1.0,0.9934617253584408,0.9994444608359139,0.9924087552600042,0.9912952756984996,1.0130087672576604,0.9815724921202721,0.9995563182471853,,0.9936628222246192,0.9965277777777778,1.0156014075658846,0.9980348263177519,1.0085114108928197,1.0047244143205907,1.0024228307925727,0.9993258483370319,1.0,1.0001653165812532,1.0066642024943668,1.0,1.0176988097291702,1.0309787683189218,1.0009293680297398,1.0001576856187462,1.0080107182713733,0.9934832288391271,0.9950009327266371,0.9900427110352713,1.0150629463753147,0.9952472467107961,1.0188819059469965,0.9964102588065559,1.0,0.9989081845900221,1.0018030347914015,1.0228874503796102,1.0045122514635134,1.0165745856353592,1.028234829831271,1.0178202152016818,0.9780634685940259,1.0
2021-05-31,1.0008791519483282,1.000612745098039,1.0049636012549312,1.022063450913239,1.019993674036992,1.0118592617013151,1.0,0.9959595947949781,1.000675281231155,0.9944107513323157,0.9941636018889951,1.0112476400121457,0.9910458375008587,1.0027466585240687,,0.9949350283261488,0.9969813051921221,1.027706898423077,1.0000833680700292,1.0179388110529493,1.0110547711277023,1.018575249141954,1.0015927670550053,1.0,1.018845700824499,1.009788237997944,1.0,1.0273460172400426,1.0327827494917274,1.0039623489897873,1.0030751841778194,1.0095568068132865,1.0074432681815138,1.003412517249062,0.9961867669822798,1.0147143272847279,0.9991900552910525,1.022704598395006,0.9971868969173364,1.0,1.0033475879695632,1.0051974513649682,1.027600434226285,1.010101728847873,1.0177127078001142,1.0316190031654033,1.0231792860192181,0.9902258851495829,1.0
2021-06-30,1.0020438566126921,1.0022076270405436,1.0063022828076273,1.0230763810340968,1.0211042016652838,1.0198968812941338,1.0,0.9977335629109088,1.0021511292752943,0.993989719128959,0.9980028181073273,1.0123315088041884,0.9958982709946579,1.0033758794399485,,0.9930093960691571,0.9982208207082391,1.0378846475699373,1.0019974840790635,1.0385763116611362,1.0145531724039103,1.0216932087514945,1.0037484947155677,1.0,1.023157894736842,1.0139779670899076,1.0,1.0276502813147763,1.0479861262743546,1.0082007258514796,1.0063652896856325,1.0120608123804746,1.0142296850374843,1.0036769889983777,0.9922708911976097,1.0185027314122004,1.002164185568455,1.0343389606281097,0.9999977613845971,1.009090909090909,1.003256329240695,1.0063787730263147,1.0237440174558476,1.0098609250517478,1.0328556763221115,1.0317198415603253,1.03929043603375,0.9949964260185846,1.000002000008
2021-07-31,1.0009856787979121,1.0,1.0057628087425816,1.021563551744685,1.0131534277809038,1.0160579791787274,1.0,0.9976792545694613,1.0024652856672513,0.9949489795918367,0.9968354118867135,1.0046545905505406,0.991670422522309,1.0024593422502097,,0.9964068373296376,0.9981151696347329,1.029336939469378,1.0007891389755137,1.0324102273400648,1.0085806658546732,1.0173216922697468,1.0007602408791207,1.0,1.008949786310185,1.0135862989498026,1.0,1.0172015709934477,1.0294923586902958,1.0115649824546706,1.0052631578947366,1.0066735168271992,1.0151464790519478,1.0050713607907862,0.9951481949623309,1.0147450205623658,0.998624602187791,1.0324483775811208,1.0008295925246047,1.010263157894737,1.0023365497049372,1.004598957482854,1.02186161583826,1.006827735761692,1.0303951367781157,1.0233645891065344,1.0256660663722177,0.9912319750573768,1.001787558685446
2021-08-31,1.0001816350694244,1.0,1.0022170704030406,1.0142543280618646,1.0067336805951879,1.0087027931363113,1.0,0.9958614270610795,1.000192474118036,1.0002750275027503,0.9964530427232502,1.0,0.9925673985713116,0.9997981967141797,,0.9919113504721514,0.9958117245073766,1.0201771467062786,1.0000002941180797,1.0234962035330295,1.0023921857701212,1.0058309556654645,0.9979093385371931,1.0,1.00418410041841,1.0106883879832609,1.0,1.0014300648131451,1.023032543315136,1.0092754833104545,1.0,1.001619752007553,1.0115654429047658,1.001830716307782,0.99489676414903,1.0087700358389495,0.9977998663592169,1.0269405174713258,1.000128957163984,1.0003206157464408,1.0006993466451508,1.0015529604435516,1.0094210548664122,1.0025018695980061,1.024,1.014837304796301,1.0192623846982267,0.9936111466917155,1.0
2021-09-30,0.9987292398596022,0.9969764972009049,1.0016051297381048,1.0105488509353708,1.0023609630803625,1.0026278995940623,1.0,0.995606009679036,0.999095508922549,1.0006418485237485,0.9933114308129503,1.0,0.9892207577907101,0.9988731197791629,,0.9857922138963391,0.9974439803644911,1.0134064625152628,0.9963421129552058,1.0118239146252728,1.001297063410273,1.006014264742574,0.9971279564682085,1.0,1.0,1.006941334030975,1.0,1.0002129530192458,1.0198427679478934,1.005803166488002,1.0,1.0002425773188164,1.0086220453914023,0.9972634387661123,0.9920521970761467,1.0063426062870149,0.9973758224006242,1.017391304347826,0.998201529415594,1.0,0.9970696078216773,0.9978416550984306,1.0036911592692566,1.0008073333656278,1.0210460512606794,1.008848720939782,1.0134298592961162,0.9847088112244087,1.0
2021-10-31,0.9952891416252974,0.9958827366563063,0.9979145538460137,1.0067516624959478,1.00043022371483,1.0001837712442545,1.0,0.9945332690801564,0.9998895716900563,1.0002901459878386,0.989098838213279,0.9999232556354783,0.9895892494830609,0.9971632150991594,1.0,0.9867234784088602,0.9979596799809418,1.0085698755136443,0.9987075486258268,1.00987035078749,0.9991513949783302,1.0004232211738846,0.9963083516758566,1.0,1.0,1.0049376418400346,1.0,1.0,1.0116803994736379,0.9987508403845681,1.0,0.9980067655477491,1.0015162024082396,0.9932967651615978,0.9868428951494422,1.0047163590520118,0.9957674847261205,1.0107192014070532,0.9988228752633109,1.0,0.9957765144342372,0.9961960846081808,0.9994527824721127,1.0005843638402738,1.0103460540631015,1.0036608869462134,0.9997815177541165,0.9722843161063284,1.0
2021-11-30,0.993816419634822,0.9979996666111018,0.9962215459584696,1.0060651537329237,0.9996309124394397,1.0006504784915031,1.0,0.9940418729000065,0.9983681716201931,1.0000581530588508,0.9875356011376019,1.0,0.9847844900395385,0.9951325234003633,0.9857142857142858,0.9851377602171849,0.9942645183098581,1.0081835835002115,0.9967750523359722,1.0127777777777778,0.9987134740539618,0.999825832366038,0.9931722728247591,0.9918523362652454,1.0,1.0032095607370652,1.0,1.0,1.0109348561759728,0.998941124762764,1.0,1.0,0.998790145711066,0.9932686844737588,0.9875614674273473,1.0000577937345352,0.9971964622196978,1.006025308464227,0.9980357749349033,1.0,0.9951072811005979,0.9951581095047943,0.9973101047741332,1.0008248281618217,1.006105006105006,1.0030737860366197,1.0009627684840976,0.968039196074509,1.0
2021-12-31,0.9968373582785724,0.9968465301470534,0.9976310416573804,1.0076776776512646,0.9954720093549803,1.0008630835621812,1.0,0.992493419178265,0.9984253526950847,0.9971564850377626,0.9854843328002824,1.0,0.9792699737843958,0.9958376572001403,1.0,0.9821194092010348,0.9926249419065962,1.0069860894470826,0.9972135071439625,1.0093594638111467,0.9971487006973098,1.0,0.9947070761160062,0.9984603541185527,1.0,1.002645260296224,0.9930555555555556,1.0,1.0161721343124273,0.9945636206752693,1.0,0.9984962406015038,1.0002945249820725,0.9941881480196553,0.9859373724340683,0.9953232028652507,0.9948986270968403,1.0052754452634316,0.997721804699523,1.0,0.9942261837939966,0.9956447999794308,0.9972351663138997,1.0002119093028183,1.008874281540758,1.0032177016673893,0.9995998024140808,0.9671374853856605,1.0
2022-01-31,0.9963011653707864,0.9977049125468904,0.9982050164920138,1.005320569169617,1.0011190740945628,0.9984982956116031,1.0,0.9935180699079496,0.996358701975907,1.0,0.9851266080413088,1.0,0.9787260953313229,0.991856571483499,0.991107817710263,0.9787715817915752,0.994208024852939,1.0024256481239955,0.995591676998399,1.0130484077736996,0.9967018680342689,0.998088669636336,0.9929807380297836,0.9926760227645184,0.9950712173859352,1.0020684811103027,0.9872448979591836,1.0,1.01421603048144,0.996081818097163,1.0,0.9960171020946261,0.9964345711466474,0.9875442780620165,0.9862226931359828,0.9998922395049968,0.9931576125507626,1.000416840350146,0.995031709694893,1.0,0.9959333177714662,0.9938475272394581,0.9999588890623405,1.0000363781876387,1.0165723850993855,1.0042087607195216,1.000166919680875,0.9658379547865611,1.0
2022-02-28,0.9982048686665209,1.0,0.9973683844283645,1.0153250036157908,1.0113182239139784,1.001729106628242,1.0,0.9956335294866038,1.0004314880487974,1.0,0.9829317744072993,1.0,0.9791765687672758,0.9952796592700973,1.0,0.9834845093790563,0.9951110548580543,1.0017565504545725,0.9893489736950455,1.0080860214849623,0.9990778680185354,0.998713885968756,0.9944398267825728,0.9968440796721019,1.0,1.00513742769977,0.9976739953479908,1.0002787012105718,1.0224411807236955,0.9980527098515872,1.0002632964718274,0.9989426132440082,0.9928564061122382,0.9903023187248629,0.9853076460793753,1.0031909124453489,0.9921666981435985,1.0040990326282997,0.9983558640847644,1.003258468335788,0.9938208109569766,0.9954569920856402,1.0099879916826222,1.0030582374940546,1.0192272644432294,1.0116686736762646,1.0015600161492528,0.9682642206605647,1.0
2022-03-31,1.0011180693792254,1.0002521750400004,1.0033366568515971,1.024437495264211,1.0198017060050504,1.0120267886836498,1.0,0.9970616146925871,1.0026097233426652,1.002,0.9912506779803473,1.0,0.9872800347873323,1.0029505263218252,1.0,0.9852049797990411,0.9942516211537237,1.0148713705477104,0.9922773033940752,1.0309320141422282,1.0046443873491082,1.0031096845868193,1.0008680149488962,1.0,1.0125,1.0141428916953152,0.9970422267253072,1.0188221125168133,1.035259359123491,1.0055404724338675,1.008996983408748,1.001991653558139,0.9934220850680021,0.9944959763360807,0.985510358965889,1.0092314377097307,0.9984532345711876,1.0221835580687255,0.9979043511096837,1.001492537313433,1.0033404029392985,1.002158338035683,1.0163621704062535,1.007054373909189,1.048951048951049,1.0229653672762127,1.0251270560936088,0.9763319413749213,1.0
2022-04-30,1.0013190330569846,1.0050000000000001,1.001708476431049,1.0251636929062493,1.0262001116269213,1.0266762981832092,1.0020429461555642,0.9984205130447507,1.006772896278559,1.0006758720930233,0.9970618441862644,1.003484714716094,0.9964127505438206,1.0036291633791012,1.0,0.992828686746163,0.9982965997999583,1.029972247842866,1.0021190831228393,1.0540967356008253,1.0129240167551605,1.0126550208851608,1.0033136426401599,1.0,1.0026338893766462,1.020020641561169,1.0,1.0285672483507131,1.0560998610727286,1.0098564681532078,1.022248402220184,1.0026296488911033,1.0099372680770826,1.004826753593495,0.9965312842094274,1.0132857087392035,1.0021759803756192,1.029820337099463,1.0043105518476672,1.0003334444814935,1.005335361796229,1.0055738201272368,1.019739775711732,1.0135714965978504,1.0433316592579929,1.025932150278514,1.0358131301702058,0.9960642581753592,1.0
2022-05-31,1.0021121961213542,1.0013238357733472,1.0053834031075268,1.0211234476657798,1.0195187664928722,1.0377835939848221,1.0001483957382713,0.9988360138000094,1.008183502739131,1.0015806550474364,0.999552232774701,1.0000784498313329,0.9987065083079365,1.0055273848658821,1.0053374215711326,0.9955327875027781,0.999078341013825,1.0383302058474073,1.0051822817836205,1.0510572561179061,1.0174837257200002,1.0200765397614733,1.0030771915904457,1.0,1.003071314650262,1.0235586124567375,1.0,1.0296642543803172,1.0523176221855997,1.016341086417917,1.0120230794484248,1.0012335451835481,1.021232850770564,1.0073683785298075,0.9951181210372851,1.0108657443009637,1.0085309844893655,1.0355377735937867,1.0034226759387228,1.0227664711969644,1.0055345612067716,1.0068774140625214,1.0132483731237796,1.0182326371839716,1.0719794344473008,1.0194094200877089,1.051970585040312,0.9991930277598451,1.0
2022-06-30,1.00115261182396,1.0000620570111036,0.9990969616067272,1.0074016399533585,1.0070387097589732,1.0306948012793415,1.0,0.9963543517721288,1.0052546999421297,1.00062656641604,0.9984125953397197,1.0,1.0005088505501434,1.003009999816949,1.0,0.9907399857755375,0.996367989782312,1.039841858201124,1.0031598402925712,1.0547291705715862,1.0139377452411653,1.0143090415667597,1.0034282103401408,0.9988584474885844,1.0,1.0162610970977082,1.0,1.0192983363128936,1.0438709208704242,1.016093303226219,1.008979907752575,0.9995184248292832,1.0240689856370748,1.0049976657747899,0.9975563009519782,1.0061317111418255,1.0067299286518936,1.03854143240972,1.0016203384038393,1.016025641025641,1.0007226033571162,1.0022765015047048,0.9991120996045595,1.0094700308332716,1.0651901492862592,1.0039681566809615,1.0438443171420257,0.9953775038520802,1.0
2022-07-31,0.9947744412375185,0.99954896129402,0.9917048622690131,0.9996366927165348,0.9968668525029064,1.0217758964048838,1.0,0.9928952606403957,1.0011169226341665,1.0,0.9955531906714101,1.0,0.9943991667723853,1.0007363497629593,1.0059171597633136,0.9911017837843641,0.9948340246536128,1.0275841304703583,1.000055570991942,1.035808097804797,1.0015898480622756,1.0042817679372238,0.9972829341979009,0.9988339475319936,0.9948846419335536,1.005741162945568,1.0,1.0082595679719033,1.0325121134681572,1.0056625211236236,1.0,0.9972256139218884,1.024212086691272,0.999869584983822,0.9889793536725335,0.9975663685813921,1.0015618568847908,1.0235294117647058,0.9974580639975497,1.0,0.9960930410751478,0.9985595246903979,0.9941852371775842,1.00321160320957,1.0629278156040147,1.000265053859689,1.0287975377766825,1.0,1.0
2022-08-31,0.9907580725138556,0.9988415509693871,0.9855953874312363,0.9959741696159206,0.9934864375479605,1.010666875238266,1.0,0.9849980272721501,0.9965416173071013,0.9947368421052631,0.999814746202297,0.9953340520431405,0.9917274728280977,0.9952523392775632,1.0,0.9836859438695065,0.9889451640812731,1.0088926548732506,0.9932961339757357,1.0116111256887956,0.9982770769622239,1.0,0.996420878773627,0.994408475573867,0.9850746268656716,0.9986082265729904,1.0,1.0,1.0173180933572963,0.9986515556734188,0.997386681084978,0.9871188022104332,1.0112262030842416,0.9959468782641157,0.9878436260737966,0.9937208668414442,0.9955424037327715,1.0071942446043165,0.9922249572750743,1.0,0.9904833819807285,0.9919747627073562,0.9914917287170706,1.0000795866713565,1.043727598566308,0.9980125020591899,1.014521219348161,0.9871398837810574,1.0
2022-09-30,0.9920756941079019,0.9950575492950471,0.9830397168750209,0.9936211908610275,0.9895476571928785,1.0032640430839979,0.996,0.9795439119613758,0.9938827972760442,0.9948256015847752,0.9921904427659184,0.987596727308568,0.9862102741003956,0.991628720079257,0.9979729729729728,0.9807291491321573,0.9887686306436455,1.0010588169084889,0.9949613906420789,1.002402261886232,0.9964011598344672,0.9979747034383776,0.9907505637252543,0.9851380154848361,0.9749687108886108,0.9941380332868511,0.9930429958569028,1.0,1.005210096503886,1.0019075491164129,0.9970909090909091,0.9851918275153732,1.0027537688879404,0.9904103751877313,0.9861670987075197,0.9915177102970885,0.9936798018861601,1.0002634096777645,0.9908021086290396,1.0,0.9862854553323248,0.9875194605579374,0.9876980248609786,0.9993885677288158,1.016260162601626,0.9957377628070722,0.9981772476499365,0.9776665062090795,1.0
2022-10-31,0.9891439355617417,0.9870876443423864,0.9830576461324569,0.9919457118330535,0.9854470375378885,1.003125,1.0,0.9771291236628279,0.9926376105972018,0.9894625466951695,0.9851355793211773,0.9766387044862128,0.9835350252689607,0.9885024036803692,1.0,0.9765939208579402,0.9852976795762327,1.0000872676413282,0.9896516540991694,1.000087858330308,0.992973715988879,0.9986438763248376,0.9889439005041003,0.9827395788232136,0.977166205057408,0.9897070607578787,1.0,1.0,1.0080172255818214,0.9912523385495021,1.0,0.9824268290687677,0.9988209503673064,0.9891518400194304,0.9838863959832946,0.9911480596762025,0.9906720332082322,1.0,0.9878524717724204,0.9877469367341836,0.9835294349887903,0.9836953273930926,0.9831055915511565,0.9968855594934373,1.0076674816625917,0.9923867948873877,1.0003644316693123,0.9770783523109103,1.0
2022-11-30,0.9790893550019114,0.984090105789962,0.9795298786108169,0.9883340306493571,0.9826098047111554,1.0015384615384615,0.9927829074964162,0.9741391827210627,0.9894353351967037,0.9857835694153199,0.983068227125313,0.9759155589174924,0.9807464518828442,0.9854696116122854,1.0,0.9673951998145347,0.9842258971039445,0.9960353591086241,0.9871159058962574,0.9949748743718593,0.9906126999778729,0.992931316013207,0.9847357684608428,0.9802966069030876,0.9733333333333334,0.9885805184056214,0.9966046740458664,1.0,1.0000845322722989,0.9930744383986849,0.9955744419948602,0.9826761559648809,0.9903915295869883,0.9858707456740637,0.9800418508773494,0.9872413548724435,0.9920699972958748,1.0,0.9831484220304635,0.9940298507462688,0.9790359934910445,0.9803222674543339,0.9773828166854321,0.9966163227867664,1.0252563140785196,0.9916757198303192,0.9975509321464262,0.9752135448444172,1.0
2022-12-31,0.9772288758660562,0.9796108222971588,0.9744381337753139,0.9859146629898468,0.9803013349621078,0.9976902158036409,0.9894736842105264,0.9709646449532745,0.9881579704683591,0.9848946313032035,0.9761977094695449,0.9770299686957983,0.97446071460244,0.9831798249735084,0.9781274586939416,0.9671448584947239,0.9802056305233903,0.9925297874201732,0.9849893698388025,0.9978294161305994,0.9845310452858572,0.9866487400937902,0.9778670672719664,0.977139031140583,0.9769368768879498,0.9848225240228607,0.9871244635193132,0.9964864206552186,0.9949151617246264,0.9886729072901002,0.9954598334202949,0.9847314963020758,0.9880660627392133,0.9795654046906368,0.9780005310507757,0.9848688799278119,0.9890562776361503,1.0,0.9808427682735804,0.9859777034559642,0.9776245015382284,0.9763652806204862,0.9787828091550582,0.9933806355778476,1.0102020404080816,0.9874518064083548,0.9949371852357528,0.9723937751778915,0.984569335948572
2023-01-31,0.9783182840204097,0.974379245084464,0.9738749895088049,0.9867225070075285,0.9797846163955314,0.9998583118059632,0.9897193664906918,0.9700333253001063,0.9831853298036796,0.9841730164454917,0.9760584927286663,0.9823766930591713,0.9660005651347745,0.9776475630015886,1.0,0.9633604060172368,0.9785504879435961,0.9871017308077181,0.986347070046957,0.9941271551724138,0.9857097262140135,0.9853222673679649,0.9761966740567197,0.9730990562569484,0.9704576268715466,0.9842363752975193,0.9806949806949808,0.9920140353069182,0.9930494654417378,0.9877189293409327,0.9938149480415667,0.9844552928161496,0.9785270535395679,0.9778006892575519,0.9732934436787914,0.9799742380487378,0.9844694041317197,1.0,0.9764795975093932,0.980326775591864,0.9764657178697831,0.9731810034784794,0.9810380362025578,0.9935040871453455,1.0030395136778116,0.985884293168286,0.9896549153197176,0.9741262137760711,0.9819792970535056
2023-02-28,0.979404327385149,0.9858358540672523,0.9804926615805082,0.9928525090631153,0.9859727846520684,0.9975025305740649,0.9918478260869565,0.9728142703989252,0.9849707181258608,0.9820340027775512,0.9754592350360314,0.9771747304124415,0.9698451318085778,0.9811967357771133,1.0,0.973124917297756,0.9806277165194199,0.9865346122310836,0.9940978925356052,1.0000724952878062,0.9873187409203551,0.9906394752803311,0.9832238155441405,0.9811114827702325,0.9794871794871794,0.983724622685065,0.9936329588014982,0.9899712405287318,0.992658467718142,0.9866902933933647,0.9821463513324019,0.9798529484756074,0.9726572277845708,0.9803712392279181,0.9751945321977638,0.9862623929361904,0.9850389968234391,1.0,0.9804837799386713,0.986538056417814,0.9787433900765506,0.977935844354029,0.9809209349972683,0.9972082253089223,0.9769214388863404,0.9905864975995448,1.0005061656289607,0.9678070292030815,0.987905875507266
2023-03-31,0.987409881842211,0.988355501856449,0.9808723400476723,0.9958226267019105,0.9896135149015641,1.00643551587857,0.9936099277644008,0.9764151622476901,0.9934885083688177,0.982846115465261,0.98335655429908,0.9841574293883596,0.981786681190713,0.9922647015493984,0.9971590909090908,0.9745960714735424,0.9822448601601929,0.9966879561615611,0.9903528388569975,1.0035238186460087,0.9933344093285434,0.9963779297971767,0.986502258741523,0.9840657161978561,0.9908597926675096,0.9886504750378955,0.994511643233722,0.9967637540453075,1.0088616212496884,0.9938864272727516,0.9845945945945946,0.9853389029047205,0.9853242196549409,0.9899830920156613,0.9829703266489932,0.9929169702333193,0.9904535870230989,1.0,0.9820667244771475,0.998999777728384,0.9813877971004938,0.9809940713328232,0.98923536224192,0.9990362993896563,1.0047846889952152,0.9956904070029073,1.0085199008869048,0.9718573422779243,0.9936370676303564
2023-04-30,0.9849176709172294,0.9894217339426401,0.9875815083451455,0.9972687069853654,0.9930471472735931,1.015797160980141,0.9940476190476191,0.9773050559371724,0.9953105644520706,0.9847072804555421,0.98732214798565,0.9946778507459552,0.9877317914236028,0.9966841200571572,1.0005747126436781,0.978008676953748,0.9872918028841335,1.0036537680359148,0.9927211748903616,1.013215146598455,0.9997417163311316,0.9981099763885743,0.9923551251131988,0.981831654821651,0.9942135828089436,0.9939394700081684,0.9980482513487972,1.0001961938395134,1.0110627181765983,0.9988428193050163,0.9889464461443346,0.9905583786456778,1.0000671299393618,0.9928389315878685,0.9800419731376012,0.991627110876494,0.9948262164128368,1.001737802469786,0.9892163039107259,1.0,0.9860251107322201,0.9847874892403624,0.9908372104788826,0.9990810926819921,1.0133333333333334,0.9971887945522346,1.0188585125871337,0.9744273775483276,0.9983865184653996
2023-05-31,0.9919428225900186,0.9939476742675334,0.9885040763769083,1.0011308390270848,0.9924028876613762,1.0229501473978986,0.9975725246484963,0.9778142252632072,0.9936839798742602,0.9861432616689807,0.9946492832852735,0.9976866886371107,0.9938132652361297,0.9963243365225184,1.0108430799220274,0.9878318185780377,0.9898816612263783,1.0159015563040252,0.9955614375240737,1.0226117445863412,1.0016043658412994,0.9982905917950736,0.9946773219576599,0.9863207742841493,1.0,0.9963639655271659,1.0,1.0002223704692017,1.0256958282487403,0.9960294935082623,0.9935549165618686,0.9890328081478617,1.0118473988302743,0.997771218732339,0.9876375451734587,0.9954174255416705,0.998176803035649,1.0150375939849623,0.9888369115016409,1.0,0.989612307533337,0.990417936355089,0.9917538243085761,1.0022070196588657,1.0445682451253482,0.9986950294750194,1.0279001819264266,0.9788014778377433,0.9695154657607724
2023-06-30,0.9941041384198332,0.9925988651400527,0.9873996924906625,1.0017845507497598,0.996369847729635,1.0313586103400372,1.0,0.9788689766194895,0.9967989730798023,0.9878104610163346,0.9936940773635397,0.9968130137955612,0.9948926068061577,0.9970231801722091,1.0000781494216942,0.9866562071856183,0.9856221880647223,1.0175522949490978,0.9926302723887513,1.0251658261920897,1.0027324696935669,1.0018979126589698,0.9915241537955791,0.9890241128298454,1.0,0.9964941651188476,0.9981481481481482,0.9995598591549296,1.0245054996500418,1.006266237510855,0.9953512396694215,0.9939851787920474,1.0147694755209458,0.9982495597826776,0.9920516225468021,0.9942360205710423,1.0023641428912657,1.0214300306143294,0.9893569810765711,1.0,0.9896075001118894,0.9884478506612794,0.9921917538692027,1.0012077902854069,1.032047501645002,0.9995878235877288,1.0282502716675812,0.9872983449782862,0.9861538461538462
2023-07-31,0.9919532441086157,0.9898662674189667,0.9872770406342293,1.0014793802570046,0.9933942291932499,1.0275761135973887,0.9957019704433498,0.9782795712264526,0.9940431684102009,0.9923957179771132,0.9950837626657066,0.9908827484000765,0.9965876200742253,0.9974999434720146,1.0,0.9840214221432299,0.9867044443000328,1.014262586238592,0.9932262033494925,1.020796745911342,1.0030847308292086,0.9998168858034874,0.9917571280633398,0.9846854431048928,0.9907407407407408,0.9955578298187264,0.9977107549949492,0.9913793103448276,1.026850082757498,1.0088891363513877,0.9902683151636892,0.992777394598758,1.0170316137617308,0.9963953200712017,0.981761673288034,0.9968484468929527,0.9985277455278576,1.0223048327137547,0.9904879750256356,1.0,0.9880557647571724,0.9861339862767824,0.9915221027537111,1.0004476283623207,1.0266666666666666,0.9980600545083613,1.0300349553433812,0.9765716712377377,0.9863442135337168
2023-08-31,0.9920186596086575,0.990511912157331,0.9864169101569699,0.9999903943146266,0.9908360324777384,1.0231556669502073,1.0,0.9746998473617245,0.9954255442046206,0.9855446995172432,0.9959435182334083,0.9955383042804566,0.993113803045538,0.9954201932730969,1.0,0.9845939014900746,0.9855396003170365,1.0147315529493481,0.9971051591030882,1.0191662586316472,0.9996025339158935,1.0000483717293778,0.9933469099460972,0.9831304227666586,0.9906103286384976,0.9951311629717026,1.0,1.0,1.0105594937282028,1.0028959206357266,0.99609375,0.9945274019155265,1.011742387354467,0.9955826105263271,0.9824935294943057,0.9903330209224341,0.9972372118768739,1.018348636616583,0.9870933920828645,0.998926677049595,0.9881868078995834,0.98481714915505,0.988520002019452,1.0003214512686396,1.025242718446602,0.9976383505260978,1.0229888130445153,0.9797435170085567,0.9697675717957315
2023-09-30,0.9895315978725618,0.9890597061246645,0.9881478475949561,0.9990789874631364,0.9890016141322632,1.0183285072396802,0.9947140146381133,0.9767161929914658,0.9933940302191249,0.9862998986828774,0.9881217631801423,0.986714112224891,0.9926807782980545,0.9939920488781304,1.0,0.9773653693786905,0.98054193277813,1.011173264629801,0.9972132904608788,1.0114699627857522,0.9960508647952386,0.9984516288864115,0.9883770681888456,0.981653486182753,0.9838709677419356,0.9926920734807093,0.997156305157874,1.0,1.0098276598592664,1.0028332056506812,0.9870034077870897,0.9921786285230929,1.0074451929621837,0.994127799545506,0.9906300451777176,0.9931669225114211,0.9940214068057476,1.0124872933961369,0.9865482776808939,0.9905660377358492,0.9837653453399499,0.9806718483152348,0.9886647611802556,0.9998096366174543,1.0010427528675705,0.9957950448547991,1.0101912030873825,0.9775194896215055,0.979800466365795
2023-10-31,0.9835205405234789,0.9869892604313044,0.9872585560383581,0.9981995173336284,0.986768679260576,1.014059032474655,0.9924051599173387,0.9736757501355681,0.99373128300774,0.9878871257387967,0.9860977707274955,0.9887460945123608,0.9912705948442083,0.9872175507235423,1.0,0.9799169154920885,0.9810342001746233,1.0046882061880944,0.993468429666638,1.0036425210576592,0.9948379339330581,0.9970262233035956,0.9894358562072477,0.9772766344759628,0.9752120026092628,0.9910129451556294,0.9960166450613896,0.9854192892035866,1.0089970385885918,1.002892488307942,0.9863810505178608,0.9885989987985134,1.003198021351605,0.9916182564928907,0.977080795946589,0.9862240660790699,0.9921082230992482,1.0103399320969069,0.9859596024303233,0.9938907870840644,0.9842331030808373,0.978684337788574,0.9878025128959783,0.9969823020256503,1.001138952164009,0.994746786929391,1.0057050851093858,0.9789200622338416,0.9679285362040331
2023-11-30,0.982594892883007,0.9758228685397361,0.9821985461837726,0.9958485096636227,0.9881466132001687,1.0079966662453574,0.9928454431752598,0.9733707459055786,0.99008315463426,0.9762990880473561,0.9783622865191998,0.988183342503693,0.9854305181647699,0.9870470445333264,0.9822656375208387,0.9729748150610795,0.973123663512317,1.0028081158225104,0.9925467073813078,0.9957147244676013,0.9901710099173867,0.993221604522867,0.9818470364612012,0.9738709677419355,0.9786994947093468,0.9894936995774221,0.9895324544341185,0.993557647966157,1.004900376789448,0.998315399900847,0.9887590022304585,0.9858864260016567,0.9950680928210405,0.9862416623609433,0.9768691821765639,0.9839045251582678,0.9935515156814905,1.0002553498693414,0.9835689156008719,0.9936894801692272,0.9797918961426598,0.9795215340219017,0.9861163657321068,0.9966705553474633,1.0038095238095237,0.9913028539625546,1.0,0.9714600406042994,0.9738331407943146
2023-12-31,0.9799137201182158,0.9830804848801469,0.982363196579981,0.9915875370656703,0.9832078011423339,1.0049025957878297,0.9914268668073185,0.9714185839199729,0.9873633430668141,0.9847305014852415,0.9807934375776227,0.9871577462228421,0.97950832610922,0.9809012318762468,0.9830660392458145,0.9679616929479945,0.978285334127341,0.9956621018283576,0.9787807881577291,0.9908845820415226,0.9898246706070388,0.9844356800975255,0.985031113616797,0.9749412227353405,0.9693927853982574,0.9834738161530545,0.9877937836923736,0.9823130846003212,0.9939223123141191,0.9958726813775693,0.9878796801162517,0.9848084171071319,0.9939579201433673,0.9866005721276188,0.9778559711318012,0.9854222378886918,0.9850210243861202,1.0,0.9801918039246718,0.9818451278251203,0.9775916409467675,0.9733833793792785,0.9848747428872905,0.9915631942553841,1.0,0.9896690030337711,0.9975062060715667,0.9734729081729621,0.9750109132191822
2024-01-31,0.9793764218219446,0.9750256950969763,0.9802636667142924,0.9941824396219398,0.9841976052892975,1.0007008691857882,0.9891304347826086,0.9678822034449922,0.986412275730802,0.9820679524599453,0.9751243475885338,0.9845972460067343,0.9788415447727107,0.9753614741400616,0.9797891844406501,0.9707906325377299,0.9779370642449496,0.9912031488443457,0.9851194381326172,0.9895933689433044,0.9846654725403134,0.9874490069077007,0.9796035336598863,0.9733873794367542,0.9774436090225564,0.9801242861107481,0.9863906890316364,0.9763268528196981,0.991294575441835,0.9897734927027716,0.98361833031769,0.9831990822558561,0.9909684833376765,0.9808983361856424,0.9781735051271095,0.9848925860448187,0.9841629397962205,1.0,0.980313372273181,0.9830220713073003,0.9770891327031824,0.9751518957387056,0.9837734794772629,0.9903980087743792,0.9969989996665556,0.9940270875413665,0.9939894077585917,0.9616977757592108,0.9765847040326974
2024-02-29,0.9829723638316388,0.9833688120421866,0.9807326079248109,0.9973980755755989,0.9854699871363481,1.0029219941371768,0.9915488099344603,0.968466662118992,0.9898452211817466,0.9851767767704699,0.9733158211763048,0.9909185650025144,0.9855092935246283,0.9828409789479657,0.9853249064282562,0.9802079848083068,0.9799942338925423,0.991794418104068,0.995979932223275,0.9968354430379747,0.9876203797171548,0.9861508045842514,0.9858349117535355,0.97371387771974,0.9760714285714286,0.9851284223290833,0.9900083696500717,0.9844731813714942,1.0011423616870683,0.9935441329801404,0.9865447881787862,0.9907523083342701,0.9848276253245771,0.9845597622071125,0.9794946939773203,0.9838489070823321,0.9845322831850339,1.0,0.980659356066239,0.9934460158675406,0.9801455511970201,0.9785641030148242,0.9903084535173116,0.9936101100932863,0.9970579582230068,0.9949484231573581,1.000767397218293,0.9612964485753807,0.9654476244299715
2024-03-31,0.984836540962887,0.9872598079009155,0.9846917559990089,0.9981494157558989,0.9907351800603463,1.010142936398683,0.9924731182795699,0.9705332105422335,0.9879425892755096,0.9804930181914708,0.9786452220507056,0.9957341380501462,0.983648204425761,0.9896106934755575,0.9905857740585774,0.979498712672512,0.9821855622723121,0.997955869147706,0.9905679560008531,0.9979847518675401,0.9885321997588443,0.9928992397068195,0.9885925684736726,0.9749011735893095,0.9730422314911367,0.9892172209436318,0.9923450122897456,0.9850241823710234,1.0120293078046025,0.9994604772410279,0.9857967764757003,0.9920872207033603,0.9917827773334894,0.987372355395306,0.9780977509378288,0.9875447083425364,0.9883712615517903,1.0020913286267523,0.9851498876073154,0.9846153846153848,0.9817076247993926,0.9775968339873723,0.9900410049954996,0.995573439259158,1.0,0.9946927789797475,1.001914059016743,0.9753514767877531,0.9860059171597633
